Time (us),Altitude (m),Velocity (m/s),Acceleration (m/s²),Air temperature (°C),Air pressure (mbar)
0,0,0,75.14,15,1013.2
0.01,0.003757,0.7514,253.68,15,1013.2
0.02,0.023962,3.2898,359.96,15,1013.2
0.03,0.074874,6.8935,379.85,15,1013.2
0.04,0.16282,10.697,386.66,14.999,1013.2
0.049348,0.27974,14.317,388.5,14.998,1013.2
0.056333,0.38921,17.03,392.6,14.997,1013.2
0.062205,0.49598,19.335,399.6,14.997,1013.2
0.067377,0.60132,21.401,406.13,14.996,1013.2
0.07205,0.70576,23.299,409.02,14.995,1013.2
0.076342,0.80953,25.056,411.13,14.995,1013.2
0.080333,0.9128,26.697,414.3,14.994,1013.1
0.084078,1.0157,28.249,418.07,14.993,1013.1
0.089697,1.181,30.604,422.69,14.992,1013.1
0.098125,1.454,34.172,425.15,14.991,1013.1
0.11077,1.92,39.561,430.72,14.988,1013
0.12973,2.7479,47.755,435.03,14.982,1012.9
0.15817,4.2831,60.21,445.72,14.972,1012.7
0.20084,7.2594,79.317,448.74,14.953,1012.4
0.25084,11.789,101.87,451.23,14.923,1011.9
0.30084,17.449,124.54,452.01,14.887,1011.2
0.35084,24.243,147.22,450.04,14.842,1010.4
0.40084,32.168,169.79,441.75,14.791,1009.5
0.43932,39.031,186.87,429.79,14.746,1008.7
0.47111,45.188,200.59,412.63,14.706,1008
0.51106,53.531,216.99,386.92,14.652,1007
0.56106,64.862,236.18,359.05,14.578,1005.6
0.59213,72.374,247.44,346.15,14.53,1004.8
0.62078,79.605,257.41,43.69,14.483,1003.9
0.66375,90.706,259.27,-66.666,14.41,1002.6
0.71375,103.59,255.98,-66.982,14.327,1001.1
0.75605,114.36,253.18,-65.396,14.257,999.84
0.80605,126.94,249.96,-63.631,14.175,998.36
0.85605,139.35,246.82,-62.007,14.094,996.91
0.90605,151.62,243.75,-60.482,14.014,995.47
0.95605,163.73,240.77,-59.001,13.936,994.05
1.0061,175.7,237.85,-57.535,13.858,992.64
1.0561,187.52,235.01,-56.156,13.781,991.26
1.1061,199.2,232.24,-54.864,13.705,989.89
1.1561,210.74,229.53,-53.635,13.63,988.53
1.2061,222.15,226.87,-52.458,13.556,987.2
1.2561,233.43,224.28,-51.285,13.483,985.87
1.3061,244.58,221.74,-50.16,13.41,984.56
1.3561,255.61,219.26,-49.102,13.339,983.27
1.4061,266.51,216.83,-48.104,13.268,981.99
1.4561,277.29,214.45,-47.143,13.198,980.73
1.5061,287.95,212.12,-46.185,13.128,979.48
1.5561,298.5,209.83,-45.256,13.06,978.24
1.6061,308.94,207.59,-44.375,12.992,977.02
1.6561,319.26,205.39,-43.534,12.925,975.81
1.7061,329.48,203.24,-42.721,12.858,974.61
1.7561,339.59,201.12,-41.938,12.793,973.42
1.8061,349.59,199.04,-41.187,12.728,972.25
1.8561,359.49,197,-40.448,12.663,971.09
1.9061,369.29,195,-39.719,12.6,969.94
1.9561,378.99,193.03,-39.018,12.537,968.8
2.0061,388.6,191.1,-38.353,12.474,967.67
2.0561,398.1,189.19,-37.715,12.412,966.56
2.1061,407.52,187.32,-37.1,12.351,965.46
2.1561,416.84,185.48,-36.488,12.291,964.36
2.2061,426.06,183.67,-35.892,12.231,963.28
2.2561,435.2,181.9,-35.312,12.171,962.21
2.3061,444.25,180.14,-34.761,12.112,961.15
2.3561,453.22,178.42,-34.23,12.054,960.1
2.4061,462.1,176.72,-33.706,11.996,959.05
2.4561,470.89,175.05,-33.191,11.939,958.02
2.5061,479.6,173.4,-32.7,11.883,957
2.5561,488.23,171.78,-32.227,11.826,955.99
2.6061,496.78,170.18,-31.754,11.771,954.99
2.6561,505.25,168.6,-31.292,11.716,954.02
2.7061,513.64,167.05,-30.848,11.661,953.08
2.7561,521.95,165.52,-30.424,11.607,952.16
2.8061,530.19,164.01,-30.012,11.554,951.24
2.8561,538.36,162.52,-29.614,11.501,950.32
2.9061,546.44,161.04,-29.215,11.448,949.42
2.9561,554.46,159.59,-28.824,11.396,948.52
3.0061,562.4,158.16,-28.441,11.344,947.64
3.0561,570.28,156.75,-28.068,11.293,946.76
3.1061,578.08,155.36,-27.711,11.242,945.88
3.1561,585.81,153.98,-27.363,11.192,945.02
3.2061,593.48,152.62,-27.023,11.142,944.16
3.2561,601.07,151.28,-26.69,11.093,943.32
3.3061,608.61,149.95,-26.372,11.044,942.47
3.3561,616.07,148.64,-26.054,10.996,941.64
3.4061,623.47,147.34,-25.742,10.947,940.81
3.4561,630.8,146.06,-25.43,10.9,939.99
3.5061,638.08,144.8,-25.132,10.853,939.18
3.5561,645.29,143.55,-24.843,10.806,938.38
3.6061,652.43,142.32,-24.568,10.759,937.58
3.6561,659.52,141.09,-24.299,10.713,936.79
3.7061,666.54,139.89,-24.034,10.667,936
3.7561,673.51,138.69,-23.776,10.622,935.22
3.8061,680.41,137.51,-23.51,10.577,934.45
3.8561,687.26,136.34,-23.244,10.533,933.69
3.9061,694.04,135.18,-22.99,10.489,932.93
3.9561,700.78,134.04,-22.742,10.445,932.18
4.0061,707.45,132.91,-22.506,10.402,931.43
4.0561,714.07,131.79,-22.28,10.359,930.69
4.1061,720.63,130.68,-22.063,10.316,929.96
4.1561,727.13,129.58,-21.857,10.274,929.23
4.2061,733.59,128.5,-21.64,10.232,928.51
4.2561,739.98,127.42,-21.43,10.19,927.8
4.3061,746.33,126.35,-21.215,10.149,927.09
4.3561,752.62,125.3,-20.997,10.108,926.38
4.4061,758.86,124.25,-20.791,10.067,925.69
4.4561,765.05,123.22,-20.597,10.027,925
4.5061,771.18,122.19,-20.396,9.9873,924.31
4.5561,777.27,121.18,-20.206,9.9478,923.63
4.6061,783.3,120.17,-20.021,9.9086,922.96
4.6561,789.28,119.18,-19.836,9.8697,922.29
4.7061,795.22,118.19,-19.661,9.8311,921.63
4.7561,801.1,117.21,-19.488,9.7928,920.97
4.8061,806.94,116.24,-19.325,9.7549,920.32
4.8561,812.73,115.28,-19.165,9.7173,919.67
4.9061,818.47,114.32,-19.017,9.68,919.03
4.9561,824.16,113.38,-18.856,9.643,918.39
5.0061,829.8,112.44,-18.689,9.6063,917.76
5.0561,835.4,111.51,-18.519,9.5699,917.14
5.1061,840.95,110.59,-18.358,9.5338,916.52
5.1561,846.46,109.67,-18.201,9.498,915.9
5.2061,851.92,108.77,-18.048,9.4625,915.29
5.2561,857.34,107.87,-17.907,9.4273,914.68
5.3061,862.71,106.97,-17.768,9.3924,914.08
5.3561,868.04,106.09,-17.634,9.3578,913.49
5.4061,873.32,105.21,-17.501,9.3234,912.9
5.4561,878.56,104.34,-17.375,9.2894,912.31
5.5061,883.75,103.47,-17.242,9.2556,911.73
5.5561,888.9,102.62,-17.111,9.2221,911.16
5.6061,894.01,101.76,-16.982,9.1889,910.59
5.6561,899.08,100.92,-16.846,9.156,910.02
5.7061,904.11,100.08,-16.719,9.1233,909.46
5.7561,909.09,99.245,-16.593,9.0909,908.9
5.8061,914.03,98.419,-16.471,9.0588,908.35
5.8561,918.93,97.598,-16.354,9.027,907.8
5.9061,923.79,96.783,-16.24,8.9954,907.26
5.9561,928.61,95.974,-16.129,8.964,906.72
6.0061,933.39,95.17,-16.024,8.933,906.19
6.0561,938.13,94.372,-15.92,8.9022,905.66
6.1061,942.82,93.578,-15.814,8.8716,905.13
6.1561,947.48,92.79,-15.706,8.8414,904.61
6.2061,952.1,92.008,-15.604,8.8113,904.1
6.2561,956.68,91.23,-15.502,8.7815,903.59
6.3061,961.23,90.457,-15.397,8.752,903.08
6.3561,965.73,89.69,-15.295,8.7228,902.57
6.4061,970.2,88.928,-15.198,8.6937,902.08
6.4561,974.62,88.17,-15.1,8.6649,901.58
6.5061,979.01,87.418,-15.003,8.6364,901.09
6.5561,983.37,86.67,-14.907,8.6081,900.6
6.6061,987.68,85.927,-14.812,8.5801,900.12
6.6561,991.96,85.189,-14.723,8.5523,899.64
6.7061,996.2,84.455,-14.638,8.5247,899.17
6.7561,1000.4,83.725,-14.553,8.4974,898.7
6.8061,1004.6,82.999,-14.467,8.4703,898.26
6.8561,1008.7,82.278,-14.387,8.4434,897.82
6.9061,1012.8,81.561,-14.307,8.4168,897.38
6.9561,1016.9,80.847,-14.226,8.3904,896.95
7.0061,1020.9,80.138,-14.146,8.3643,896.52
7.0561,1024.9,79.433,-14.061,8.3383,896.1
7.1061,1028.8,78.732,-13.989,8.3126,895.68
7.1561,1032.7,78.034,-13.909,8.2871,895.26
7.2061,1036.6,77.341,-13.828,8.2619,894.85
7.2561,1040.5,76.651,-13.753,8.2369,894.44
7.3061,1044.3,75.966,-13.678,8.2121,894.03
7.3561,1048.1,75.283,-13.605,8.1875,893.63
7.4061,1051.8,74.605,-13.537,8.1631,893.23
7.4561,1055.5,73.93,-13.469,8.139,892.84
7.5061,1059.2,73.258,-13.398,8.1151,892.45
7.5561,1062.9,72.59,-13.331,8.0914,892.06
7.6061,1066.5,71.925,-13.265,8.0679,891.67
7.6561,1070.1,71.263,-13.202,8.0446,891.29
7.7061,1073.6,70.605,-13.137,8.0216,890.92
7.7561,1077.1,69.95,-13.073,7.9987,890.54
7.8061,1080.6,69.297,-13.015,7.9761,890.17
7.8561,1084,68.648,-12.948,7.9537,889.81
7.9061,1087.5,68.002,-12.888,7.9315,889.44
7.9561,1090.8,67.36,-12.825,7.9095,889.08
8.0061,1094.2,66.72,-12.767,7.8877,888.73
8.0561,1097.5,66.083,-12.707,7.8661,888.37
8.1061,1100.8,65.449,-12.647,7.8448,888.02
8.1561,1104.1,64.818,-12.591,7.8236,887.68
8.2061,1107.3,64.19,-12.534,7.8026,887.33
8.2561,1110.5,63.565,-12.48,7.7819,886.99
8.3061,1113.6,62.942,-12.426,7.7613,886.66
8.3561,1116.8,62.322,-12.37,7.7409,886.32
8.4061,1119.9,61.705,-12.32,7.7208,885.99
8.4561,1122.9,61.09,-12.269,7.7008,885.67
8.5061,1126,60.478,-12.222,7.6811,885.34
8.5561,1129,59.868,-12.174,7.6615,885.02
8.6061,1132,59.261,-12.125,7.6422,884.71
8.6561,1134.9,58.656,-12.074,7.623,884.39
8.7061,1137.8,58.053,-12.029,7.604,884.08
8.7561,1140.7,57.453,-11.986,7.5853,883.78
8.8061,1143.6,56.854,-11.944,7.5667,883.47
8.8561,1146.4,56.258,-11.91,7.5483,883.17
8.9061,1149.2,55.664,-11.862,7.5301,882.87
8.9561,1152,55.072,-11.814,7.5121,882.58
9.0061,1154.7,54.482,-11.766,7.4943,882.29
9.0561,1157.4,53.895,-11.72,7.4767,882
9.1061,1160.1,53.311,-11.67,7.4593,881.71
9.1561,1162.8,52.728,-11.626,7.4421,881.43
9.2061,1165.4,52.148,-11.584,7.425,881.15
9.2561,1168,51.57,-11.542,7.4082,880.88
9.3061,1170.5,50.994,-11.504,7.3915,880.61
9.3561,1173.1,50.419,-11.466,7.375,880.34
9.4061,1175.6,49.847,-11.431,7.3587,880.07
9.4561,1178.1,49.276,-11.394,7.3426,879.81
9.5061,1180.5,48.708,-11.355,7.3267,879.54
9.5561,1182.9,48.141,-11.315,7.311,879.29
9.6061,1185.3,47.576,-11.28,7.2954,879.03
9.6561,1187.7,47.013,-11.243,7.28,878.78
9.7061,1190,46.452,-11.208,7.2649,878.53
9.7561,1192.3,45.892,-11.17,7.2498,878.29
9.8061,1194.6,45.334,-11.136,7.235,878.04
9.8561,1196.9,44.779,-11.102,7.2204,877.8
9.9061,1199.1,44.224,-11.069,7.2059,877.57
9.9561,1201.3,43.672,-11.04,7.1916,877.33
10.006,1203.5,43.12,-11.014,7.1775,877.1
10.056,1205.6,42.57,-10.982,7.1636,876.88
10.106,1207.7,42.022,-10.951,7.1499,876.65
10.156,1209.8,41.475,-10.92,7.1363,876.43
10.206,1211.9,40.93,-10.894,7.1229,876.21
10.256,1213.9,40.386,-10.869,7.1097,875.99
10.306,1215.9,39.843,-10.846,7.0966,875.78
10.356,1217.9,39.301,-10.821,7.0838,875.57
10.406,1219.8,38.761,-10.792,7.0711,875.36
10.456,1221.8,38.222,-10.766,7.0586,875.16
10.506,1223.7,37.684,-10.741,7.0463,874.96
10.556,1225.5,37.148,-10.715,7.0341,874.76
10.606,1227.4,36.613,-10.693,7.0221,874.56
10.656,1229.2,36.079,-10.669,7.0103,874.37
10.706,1231,35.546,-10.642,6.9987,874.18
10.756,1232.7,35.014,-10.617,6.9872,873.99
10.806,1234.5,34.484,-10.59,6.9759,873.8
10.856,1236.2,33.955,-10.564,6.9648,873.62
10.906,1237.9,33.428,-10.542,6.9538,873.44
10.956,1239.5,32.901,-10.516,6.9431,873.27
11.006,1241.2,32.376,-10.495,6.9324,873.09
11.056,1242.8,31.852,-10.471,6.922,872.92
11.106,1244.3,31.329,-10.451,6.9117,872.75
11.156,1245.9,30.807,-10.43,6.9016,872.59
11.206,1247.4,30.286,-10.407,6.8917,872.43
11.256,1248.9,29.766,-10.389,6.882,872.27
11.306,1250.4,29.247,-10.37,6.8724,872.11
11.356,1251.9,28.729,-10.351,6.8629,871.96
11.406,1253.3,28.212,-10.333,6.8537,871.8
11.456,1254.7,27.696,-10.313,6.8446,871.66
11.506,1256,27.18,-10.297,6.8357,871.51
11.556,1257.4,26.666,-10.277,6.8269,871.37
11.606,1258.7,26.153,-10.257,6.8184,871.23
11.656,1260,25.64,-10.241,6.8099,871.09
11.706,1261.3,25.129,-10.223,6.8017,870.95
11.756,1262.5,24.618,-10.209,6.7936,870.82
11.806,1263.7,24.108,-10.194,6.7857,870.69
11.856,1264.9,23.598,-10.178,6.7779,870.56
11.906,1266.1,23.09,-10.159,6.7704,870.44
11.956,1267.2,22.582,-10.144,6.7629,870.32
12.006,1268.4,22.076,-10.13,6.7557,870.2
12.056,1269.4,21.569,-10.115,6.7486,870.08
12.106,1270.5,21.064,-10.1,6.7417,869.97
12.156,1271.6,20.559,-10.089,6.7349,869.86
12.206,1272.6,20.055,-10.075,6.7283,869.75
12.256,1273.6,19.552,-10.06,6.7219,869.65
12.306,1274.5,19.049,-10.047,6.7156,869.54
12.356,1275.5,18.547,-10.034,6.7095,869.44
12.406,1276.4,18.046,-10.02,6.7035,869.35
12.456,1277.3,17.545,-10.008,6.6977,869.25
12.506,1278.1,17.045,-9.9944,6.6921,869.16
12.556,1279,16.546,-9.9847,6.6867,869.07
12.606,1279.8,16.047,-9.9735,6.6814,868.98
12.656,1280.6,15.548,-9.9615,6.6762,868.9
12.706,1281.3,15.05,-9.9494,6.6713,868.82
12.756,1282.1,14.553,-9.9399,6.6665,868.74
12.806,1282.8,14.056,-9.9308,6.6618,868.66
12.856,1283.5,13.56,-9.9215,6.6573,868.59
12.906,1284.2,13.064,-9.9103,6.653,868.52
12.956,1284.8,12.569,-9.9008,6.6488,868.45
13.006,1285.4,12.074,-9.8944,6.6448,868.39
13.056,1286,11.58,-9.8861,6.641,868.32
13.106,1286.6,11.086,-9.8774,6.6373,868.26
13.156,1287.1,10.592,-9.8691,6.6338,868.21
13.206,1287.6,10.099,-9.8608,6.6304,868.15
13.256,1288.1,9.6059,-9.8538,6.6272,868.1
13.306,1288.6,9.1134,-9.8458,6.6242,868.05
13.356,1289,8.6213,-9.8386,6.6213,868
13.406,1289.5,8.1295,-9.8326,6.6186,867.96
13.456,1289.8,7.6381,-9.8235,6.616,867.91
13.506,1290.2,7.1471,-9.8163,6.6136,867.87
13.556,1290.6,6.6565,-9.8092,6.6113,867.84
13.606,1290.9,6.1661,-9.8035,6.6093,867.8
13.656,1291.2,5.6761,-9.7965,6.6073,867.77
13.706,1291.4,5.1864,-9.7914,6.6056,867.74
13.756,1291.7,4.6971,-9.7828,6.604,867.72
13.806,1291.9,4.2081,-9.779,6.6025,867.69
13.856,1292.1,3.7192,-9.7757,6.6012,867.67
13.906,1292.3,3.2304,-9.7765,6.6001,867.65
13.956,1292.4,2.7415,-9.778,6.5991,867.64
14.006,1292.6,2.2526,-9.7772,6.5983,867.63
14.056,1292.7,1.7639,-9.7734,6.5977,867.61
14.106,1292.7,1.2753,-9.7703,6.5972,867.61
14.156,1292.8,0.78666,-9.7851,6.5968,867.6
14.206,1292.8,0.29743,-9.7842,6.5967,867.6
14.214,1292.8,0.22216,-9.7842,6.5967,867.6
14.267,1292.8,-0.30161,-9.8526,6.5966,867.6
14.318,1292.8,-0.80103,-9.6945,6.5967,867.6
14.371,1292.7,-1.3004,-9.5202,6.5969,867.6
14.425,1292.7,-1.7993,-9.2595,6.5972,867.61
14.481,1292.5,-2.2976,-8.9222,6.5978,867.62
14.539,1292.4,-2.7949,-8.4946,6.5985,867.63
14.601,1292.2,-3.2909,-7.9699,6.5995,867.64
14.668,1292,-3.7857,-7.3794,6.6007,867.66
14.742,1291.7,-4.2786,-6.6879,6.6022,867.69
14.825,1291.3,-4.7681,-5.891,6.6042,867.72
14.922,1290.8,-5.2522,-5.0044,6.6066,867.76
15.039,1290.2,-5.7219,-4.0087,6.6098,867.81
15.19,1289.3,-6.1714,-2.9876,6.6139,867.88
15.408,1287.9,-6.5991,-1.9626,6.6198,867.98
15.79,1285.3,-6.939,-0.88951,6.6288,868.12
16.29,1281.8,-6.9388,5.06E-04,6.6456,868.4
16.79,1278.4,-6.9391,-7.62E-04,6.6682,868.77
17.29,1274.9,-6.937,0.0041882,6.6907,869.14
17.79,1271.4,-6.936,0.0020779,6.7133,869.51
18.29,1267.9,-6.9328,0.0063529,6.7358,869.88
18.79,1264.5,-6.933,-3.32E-04,6.7583,870.24
19.29,1261,-6.9316,0.0027028,6.7809,870.61
19.79,1257.5,-6.9319,-4.67E-04,6.8034,870.98
20.29,1254.1,-6.9281,0.0075678,6.8259,871.35
20.79,1250.6,-6.9301,-0.0040601,6.8485,871.72
21.29,1247.2,-6.9256,0.009035,6.871,872.09
21.79,1243.7,-6.9267,-0.0021457,6.8935,872.46
22.29,1240.2,-6.9253,0.0028145,6.916,872.82
22.79,1236.8,-6.9233,0.0038914,6.9385,873.19
23.29,1233.3,-6.9226,0.0013847,6.961,873.56
23.79,1229.8,-6.9223,6.62E-04,6.9835,873.93
24.29,1226.4,-6.9207,0.0031689,7.006,874.3
24.79,1222.9,-6.9198,0.0019053,7.0285,874.67
25.29,1219.5,-6.9176,0.0043287,7.051,875.03
25.79,1216,-6.9171,9.13E-04,7.0735,875.4
26.29,1212.5,-6.9148,0.0047403,7.096,875.77
26.79,1209.1,-6.9133,0.0029635,7.1184,876.14
27.29,1205.6,-6.9111,0.0044268,7.1409,876.5
27.79,1202.2,-6.9137,-0.0051508,7.1634,876.87
28.29,1198.7,-6.9078,0.011781,7.1858,877.24
28.79,1195.3,-6.9096,-0.0036641,7.2083,877.61
29.29,1191.8,-6.9094,4.62E-04,7.2308,877.97
29.79,1188.4,-6.9055,0.0077064,7.2532,878.34
30.29,1184.9,-6.9066,-0.0022399,7.2757,878.71
30.79,1181.5,-6.9032,0.0069558,7.2981,879.08
31.29,1178,-6.9054,-0.0044647,7.3206,879.44
31.79,1174.6,-6.8993,0.012145,7.343,879.81
32.29,1171.1,-6.9022,-0.0056886,7.3654,880.18
32.79,1167.6,-6.9004,0.0035173,7.3878,880.55
33.29,1164.2,-6.8944,0.012077,7.4103,880.91
33.79,1160.8,-6.9004,-0.012026,7.4327,881.28
34.29,1157.3,-6.8967,0.007256,7.4551,881.65
34.79,1153.9,-6.8964,6.32E-04,7.4775,882.01
35.29,1150.4,-6.8951,0.0026454,7.4999,882.38
35.79,1147,-6.8914,0.0073554,7.5224,882.75
36.29,1143.5,-6.8918,-6.50E-04,7.5448,883.11
36.79,1140.1,-6.8914,7.53E-04,7.5672,883.48
37.29,1136.6,-6.8784,0.025999,7.5896,883.85
37.79,1133.2,-6.8923,-0.027777,7.6119,884.21
38.29,1129.7,-6.8867,0.011072,7.6343,884.58
38.79,1126.3,-6.8861,0.0013429,7.6567,884.95
39.29,1122.9,-6.8866,-0.0010479,7.6791,885.31
39.79,1119.4,-6.8843,0.0044869,7.7015,885.68
40.29,1116,-6.8804,0.0078663,7.7238,886.04
40.79,1112.5,-6.8775,0.0058796,7.7462,886.41
41.29,1109.1,-6.8773,2.59E-04,7.7686,886.78
41.79,1105.7,-6.8743,0.0061497,7.7909,887.14
42.29,1102.2,-6.8806,-0.012647,7.8133,887.51
42.79,1098.8,-6.8773,0.0065633,7.8356,887.87
43.29,1095.3,-6.8734,0.0077397,7.858,888.24
43.79,1091.9,-6.8743,-0.0017495,7.8803,888.6
44.29,1088.5,-6.8753,-0.0020623,7.9027,888.97
44.79,1085,-6.8715,0.0075787,7.925,889.34
45.29,1081.6,-6.8732,-0.0032774,7.9473,889.7
45.79,1078.2,-6.8678,0.010824,7.9697,890.07
46.29,1074.7,-6.8702,-0.0049407,7.992,890.43
46.79,1071.3,-6.8651,0.01024,8.0143,890.8
47.29,1067.9,-6.8456,0.039013,8.0366,891.16
47.79,1064.4,-6.8762,-0.061181,8.0589,891.53
48.29,1061,-6.8608,0.03075,8.0812,891.89
48.79,1057.6,-6.8664,-0.011053,8.1035,892.26
49.29,1054.1,-6.8606,0.011578,8.1259,892.62
49.79,1050.7,-6.863,-0.0047855,8.1482,892.99
50.29,1047.3,-6.8588,0.008424,8.1705,893.35
50.79,1043.8,-6.8602,-0.0029407,8.1928,893.72
51.29,1040.4,-6.8519,0.016742,8.215,894.08
51.79,1037,-6.8599,-0.016129,8.2373,894.45
52.29,1033.6,-6.8548,0.010194,8.2596,894.81
52.79,1030.1,-6.8562,-0.0028527,8.2819,895.18
53.29,1026.7,-6.8508,0.010863,8.3042,895.54
53.79,1023.3,-6.8548,-0.0079841,8.3265,895.91
54.29,1019.8,-6.8496,0.010504,8.3487,896.27
54.79,1016.4,-6.8521,-0.0051084,8.371,896.63
55.29,1013,-6.8467,0.010806,8.3933,897
55.79,1009.6,-6.8501,-0.0068825,8.4155,897.36
56.29,1006.1,-6.8464,0.0074504,8.4378,897.73
56.79,1002.7,-6.8437,0.0054148,8.46,898.09
57.29,999.3,-6.8443,-0.0010902,8.4823,898.46
57.79,995.88,-6.8444,-2.64E-04,8.5045,898.82
58.29,992.46,-6.843,0.0026963,8.5268,899.21
58.79,989.04,-6.841,0.0041235,8.549,899.59
59.29,985.62,-6.8411,-2.00E-04,8.5712,899.97
59.79,982.2,-6.8351,0.012042,8.5935,900.35
60.29,978.78,-6.8392,-0.0083582,8.6157,900.73
60.79,975.36,-6.8368,0.0048623,8.6379,901.12
61.29,971.94,-6.8347,0.0041704,8.6601,901.5
61.79,968.53,-6.8282,0.013071,8.6824,901.88
62.29,965.11,-6.8351,-0.013775,8.7046,902.26
62.79,961.7,-6.8317,0.0068444,8.7268,902.64
63.29,958.28,-6.8314,5.68E-04,8.749,903.03
63.79,954.86,-6.8301,0.002624,8.7712,903.41
64.29,951.45,-6.827,0.006087,8.7934,903.79
64.79,948.04,-6.8284,-0.0027704,8.8156,904.17
65.29,944.62,-6.8263,0.0041912,8.8378,904.55
65.79,941.21,-6.8212,0.010198,8.86,904.93
66.29,937.8,-6.826,-0.0095827,8.8821,905.31
66.79,934.39,-6.8204,0.011225,8.9043,905.7
67.29,930.98,-6.8211,-0.0014985,8.9265,906.08
67.79,927.57,-6.8192,0.0038927,8.9486,906.46
68.29,924.16,-6.8194,-4.86E-04,8.9708,906.84
68.79,920.75,-6.8114,0.015985,8.993,907.22
69.29,917.34,-6.8203,-0.017733,9.0151,907.6
69.79,913.93,-6.8147,0.011226,9.0373,907.98
70.29,910.53,-6.8157,-0.0019956,9.0594,908.36
70.79,907.12,-6.813,0.0054037,9.0816,908.74
71.29,903.71,-6.8085,0.0089954,9.1037,909.12
71.79,900.31,-6.8134,-0.009881,9.1259,909.5
72.29,896.9,-6.8092,0.0083759,9.148,909.88
72.79,893.5,-6.8071,0.0043148,9.1701,910.26
73.29,890.09,-6.809,-0.0037845,9.1923,910.64
73.79,886.69,-6.8061,0.0057505,9.2144,911.03
74.29,883.29,-6.804,0.0042842,9.2365,911.41
74.79,879.89,-6.8054,-0.0028992,9.2586,911.79
75.29,876.48,-6.7991,0.012667,9.2807,912.17
75.79,873.08,-6.8009,-0.003565,9.3029,912.55
76.29,869.68,-6.7963,0.0091288,9.325,912.93
76.79,866.29,-6.8014,-0.0103,9.347,913.31
77.29,862.89,-6.7945,0.013981,9.3691,913.69
77.79,859.49,-6.7998,-0.010635,9.3912,914.06
78.29,856.09,-6.7954,0.0086636,9.4133,914.44
78.79,852.69,-6.7961,-0.0012766,9.4354,914.82
79.29,849.29,-6.7926,0.0069256,9.4575,915.2
79.79,845.9,-6.7932,-0.0011058,9.4796,915.58
80.29,842.5,-6.7901,0.0061646,9.5017,915.96
80.79,839.11,-6.7916,-0.0031315,9.5237,916.34
81.29,835.71,-6.7871,0.0091722,9.5458,916.72
81.79,832.32,-6.7851,0.0039268,9.5679,917.1
82.29,828.92,-6.7891,-0.0080097,9.5899,917.48
82.79,825.53,-6.7754,0.027336,9.612,917.86
83.29,822.14,-6.7897,-0.028565,9.634,918.24
83.79,818.75,-6.7791,0.021292,9.6561,918.62
84.29,815.36,-6.7853,-0.0125,9.6781,919
84.79,811.97,-6.7809,0.008806,9.7002,919.37
85.29,808.58,-6.7757,0.010491,9.7222,919.75
85.79,805.19,-6.7759,-5.48E-04,9.7442,920.13
86.29,801.8,-6.779,-0.0060999,9.7663,920.51
86.79,798.41,-6.7744,0.0091063,9.7883,920.89
87.29,795.03,-6.7771,-0.0054006,9.8103,921.27
87.79,791.64,-6.774,0.0062694,9.8323,921.65
88.29,788.25,-6.7726,0.0028007,9.8544,922.03
88.79,784.86,-6.7724,4.27E-04,9.8764,922.4
89.29,781.48,-6.772,7.89E-04,9.8984,922.78
89.79,778.09,-6.7698,0.0044023,9.9204,923.16
90.29,774.71,-6.7699,-2.07E-04,9.9424,923.54
90.79,771.32,-6.7683,0.0032531,9.9644,923.92
91.29,767.94,-6.7485,0.039497,9.9864,924.29
91.79,764.56,-6.7743,-0.051631,10.008,924.67
92.29,761.18,-6.7601,0.028525,10.03,925.05
92.79,757.8,-6.7601,1.91E-05,10.052,925.43
93.29,754.42,-6.7645,-0.0089089,10.074,925.81
93.79,751.04,-6.7609,0.0073541,10.096,926.18
94.29,747.66,-6.7603,0.001144,10.118,926.56
94.79,744.28,-6.758,0.0045934,10.14,926.94
95.29,740.9,-6.7589,-0.0019316,10.162,927.32
95.79,737.52,-6.7567,0.0045589,10.184,927.69
96.29,734.14,-6.7519,0.0094675,10.206,928.07
96.79,730.77,-6.7567,-0.009555,10.228,928.45
97.29,727.39,-6.7521,0.0091355,10.25,928.83
97.79,724.01,-6.7526,-9.23E-04,10.272,929.2
98.29,720.64,-6.7515,0.0021984,10.294,929.58
98.79,717.26,-6.7508,0.0013937,10.316,929.96
99.29,713.89,-6.7486,0.0044311,10.338,930.33
99.79,710.51,-6.7476,0.0019339,10.36,930.71
100.29,707.14,-6.7474,4.45E-04,10.382,931.09
100.79,703.76,-6.746,0.0028849,10.404,931.47
101.29,700.39,-6.7453,0.0013011,10.426,931.84
101.79,697.02,-6.742,0.0066138,10.447,932.22
102.29,693.65,-6.7403,0.0034796,10.469,932.6
102.79,690.28,-6.7408,-0.0010572,10.491,932.97
103.29,686.91,-6.7413,-9.83E-04,10.513,933.35
103.79,683.54,-6.7384,0.0058014,10.535,933.73
104.29,680.17,-6.7336,0.0095958,10.557,934.1
104.79,676.8,-6.7397,-0.012215,10.579,934.48
105.29,673.43,-6.7348,0.0097609,10.601,934.86
105.79,670.07,-6.7338,0.0020811,10.623,935.23
106.29,666.7,-6.7348,-0.0021492,10.645,935.61
106.79,663.33,-6.7317,0.0062265,10.666,935.98
107.29,659.97,-6.7319,-2.97E-04,10.688,936.36
107.79,656.6,-6.73,0.0036883,10.71,936.74
108.29,653.24,-6.7296,9.25E-04,10.732,937.11
108.79,649.87,-6.7288,0.0016118,10.754,937.49
109.29,646.51,-6.7204,0.016769,10.776,937.86
109.79,643.15,-6.7216,-0.002485,10.798,938.24
110.29,639.79,-6.7247,-0.0061409,10.82,938.62
110.79,636.43,-6.7246,2.10E-04,10.841,938.99
111.29,633.06,-6.7179,0.01342,10.863,939.37
111.79,629.7,-6.7225,-0.0091887,10.885,939.74
112.29,626.34,-6.7169,0.011165,10.907,940.12
112.79,622.98,-6.7219,-0.010064,10.929,940.49
113.29,619.62,-6.7175,0.0089401,10.951,940.87
113.79,616.27,-6.7177,-3.97E-04,10.972,941.24
114.29,612.91,-6.717,0.0013735,10.994,941.62
114.79,609.55,-6.7138,0.0062559,11.016,941.99
115.29,606.19,-6.708,0.011691,11.038,942.37
115.79,602.84,-6.7157,-0.0154,11.06,942.74
116.29,599.48,-6.711,0.0093585,11.082,943.12
116.79,596.13,-6.7119,-0.0017293,11.103,943.49
117.29,592.77,-6.7094,0.0049488,11.125,943.87
117.79,589.42,-6.7049,0.0090663,11.147,944.24
118.29,586.06,-6.7088,-0.0077711,11.169,944.62
118.79,582.71,-6.7066,0.004401,11.191,944.99
119.29,579.36,-6.7015,0.010069,11.212,945.37
119.79,576.01,-6.7024,-0.0016725,11.234,945.74
120.29,572.66,-6.7046,-0.0044871,11.256,946.12
120.79,569.3,-6.6999,0.0094193,11.278,946.49
121.29,565.95,-6.702,-0.0042707,11.3,946.87
121.79,562.6,-6.7007,0.0026597,11.321,947.24
122.29,559.25,-6.6994,0.00257,11.343,947.61
122.79,555.91,-6.6851,0.028582,11.365,947.99
123.29,552.56,-6.7028,-0.035416,11.387,948.36
123.79,549.21,-6.6933,0.019129,11.408,948.74
124.29,545.86,-6.6942,-0.001952,11.43,949.11
124.79,542.52,-6.6951,-0.0016384,11.452,949.48
125.29,539.17,-6.6897,0.010679,11.474,949.86
125.79,535.82,-6.6922,-0.0050257,11.495,950.23
126.29,532.48,-6.6911,0.0022422,11.517,950.61
126.79,529.13,-6.6888,0.0045904,11.539,950.98
127.29,525.79,-6.6884,8.78E-04,11.561,951.35
127.79,522.45,-6.6854,0.005944,11.582,951.73
128.29,519.1,-6.6853,2.06E-04,11.604,952.1
128.79,515.76,-6.6866,-0.0026743,11.626,952.47
129.29,512.42,-6.682,0.0093264,11.648,952.85
129.79,509.08,-6.6681,0.027813,11.669,953.22
130.29,505.74,-6.69,-0.043758,11.691,953.59
130.79,502.4,-6.6783,0.023328,11.713,953.97
131.29,499.06,-6.6809,-0.0052419,11.734,954.34
131.79,495.72,-6.6796,0.0025446,11.756,954.72
132.29,492.38,-6.6742,0.010799,11.778,955.11
132.79,489.04,-6.6793,-0.010069,11.8,955.5
133.29,485.7,-6.6714,0.015706,11.821,955.89
133.79,482.37,-6.6765,-0.010084,11.843,956.28
134.29,479.03,-6.6735,0.0059232,11.865,956.68
134.79,475.7,-6.6658,0.015375,11.886,957.07
135.29,472.36,-6.6742,-0.016717,11.908,957.46
135.79,469.02,-6.6695,0.0092494,11.93,957.85
136.29,465.69,-6.6693,5.17E-04,11.951,958.24
136.79,462.36,-6.664,0.010631,11.973,958.63
137.29,459.03,-6.6556,0.016728,11.995,959.02
137.79,455.7,-6.6704,-0.029611,12.016,959.41
138.29,452.36,-6.6634,0.013995,12.038,959.8
138.79,449.03,-6.6623,0.0022939,12.06,960.2
139.29,445.7,-6.6606,0.0033682,12.081,960.59
139.79,442.37,-6.661,-7.58E-04,12.103,960.98
140.29,439.04,-6.6614,-7.94E-04,12.125,961.37
140.79,435.71,-6.6589,0.004901,12.146,961.76
141.29,432.38,-6.6573,0.0032097,12.168,962.15
141.79,429.05,-6.6551,0.0044978,12.19,962.54
142.29,425.72,-6.6542,0.0016513,12.211,962.93
142.79,422.4,-6.6559,-0.0033145,12.233,963.32
143.29,419.07,-6.6482,0.015363,12.254,963.71
143.79,415.74,-6.6546,-0.012843,12.276,964.1
144.29,412.42,-6.6499,0.0095321,12.298,964.49
144.79,409.09,-6.649,0.0017213,12.319,964.88
145.29,405.77,-6.6508,-0.003524,12.341,965.27
145.79,402.44,-6.6464,0.00871,12.363,965.66
146.29,399.12,-6.6457,0.0015128,12.384,966.05
146.79,395.8,-6.6436,0.0040354,12.406,966.44
147.29,392.48,-6.6438,-3.99E-04,12.427,966.83
147.79,389.16,-6.645,-0.0023523,12.449,967.22
148.29,385.83,-6.6426,0.0047892,12.47,967.61
148.79,382.51,-6.6355,0.014219,12.492,968
149.29,379.19,-6.6443,-0.0175,12.514,968.39
149.79,375.87,-6.6349,0.018692,12.535,968.78
150.29,372.56,-6.6328,0.004177,12.557,969.17
150.79,369.24,-6.6411,-0.016539,12.578,969.56
151.29,365.92,-6.6323,0.017483,12.6,969.94
151.79,362.61,-6.6243,0.016087,12.622,970.33
152.29,359.29,-6.6386,-0.028594,12.643,970.72
152.79,355.98,-6.6225,0.032153,12.665,971.11
153.29,352.66,-6.6379,-0.030842,12.686,971.5
153.79,349.34,-6.629,0.017908,12.708,971.89
154.29,346.03,-6.6282,0.0015965,12.729,972.28
154.79,342.72,-6.628,4.81E-04,12.751,972.67
155.29,339.4,-6.6253,0.0052358,12.772,973.06
155.79,336.09,-6.6288,-0.0069584,12.794,973.44
156.29,332.77,-6.6248,0.0079538,12.815,973.83
156.79,329.46,-6.6225,0.0046391,12.837,974.22
157.29,326.15,-6.6241,-0.0031411,12.858,974.61
157.79,322.84,-6.6216,0.0049707,12.88,975
158.29,319.53,-6.6014,0.040349,12.902,975.39
158.79,316.23,-6.6298,-0.056831,12.923,975.77
159.29,312.92,-6.615,0.029647,12.945,976.16
159.79,309.61,-6.6211,-0.012214,12.966,976.55
160.29,306.3,-6.6165,0.0092319,12.988,976.94
160.79,302.99,-6.6167,-4.27E-04,13.009,977.33
161.29,299.68,-6.6126,0.0082846,13.031,977.71
161.79,296.37,-6.6157,-0.0063019,13.052,978.1
162.29,293.07,-6.608,0.015506,13.074,978.49
162.79,289.76,-6.6138,-0.011639,13.095,978.88
163.29,286.46,-6.6096,0.0084784,13.117,979.27
163.79,283.15,-6.6103,-0.0014762,13.138,979.65
164.29,279.85,-6.6034,0.013703,13.16,980.04
164.79,276.55,-6.6092,-0.011479,13.181,980.43
165.29,273.24,-6.5993,0.019836,13.202,980.82
165.79,269.94,-6.6061,-0.013685,13.224,981.2
166.29,266.64,-6.6032,0.0057265,13.245,981.59
166.79,263.34,-6.6028,8.11E-04,13.267,981.98
167.29,260.04,-6.6017,0.0023391,13.288,982.36
167.79,256.74,-6.6024,-0.0014179,13.31,982.75
168.29,253.44,-6.5961,0.012653,13.331,983.14
168.79,250.14,-6.6021,-0.012088,13.353,983.53
169.29,246.84,-6.5971,0.010007,13.374,983.91
169.79,243.54,-6.5985,-0.0028207,13.396,984.3
170.29,240.24,-6.5962,0.0045907,13.417,984.69
170.79,236.94,-6.5922,0.0080182,13.438,985.07
171.29,233.65,-6.5962,-0.0079558,13.46,985.46
171.79,230.35,-6.5926,0.0071425,13.481,985.85
172.29,227.05,-6.5925,3.03E-04,13.503,986.23
172.79,223.76,-6.5901,0.004655,13.524,986.62
173.29,220.46,-6.5902,-1.56E-04,13.546,987.01
173.79,217.17,-6.589,0.0023739,13.567,987.39
174.29,213.87,-6.5885,0.0010936,13.588,987.78
174.79,210.58,-6.5869,0.0032482,13.61,988.17
175.29,207.28,-6.5863,0.0010896,13.631,988.55
175.79,203.99,-6.5851,0.002362,13.653,988.94
176.29,200.7,-6.5824,0.0054957,13.674,989.33
176.79,197.41,-6.5839,-0.0030641,13.695,989.71
177.29,194.12,-6.5798,0.0081616,13.717,990.1
177.79,190.83,-6.5817,-0.0036498,13.738,990.48
178.29,187.54,-6.5793,0.0047156,13.76,990.87
178.79,184.25,-6.5775,0.0035662,13.781,991.26
179.29,180.96,-6.5785,-0.0020446,13.802,991.64
179.79,177.67,-6.5765,0.003976,13.824,992.03
180.29,174.38,-6.5667,0.019646,13.845,992.41
180.79,171.1,-6.5777,-0.022042,13.867,992.8
181.29,167.81,-6.5666,0.022346,13.888,993.18
181.79,164.53,-6.5605,0.012195,13.909,993.57
182.29,161.25,-6.5777,-0.034494,13.931,993.95
182.79,157.96,-6.5678,0.019937,13.952,994.34
183.29,154.68,-6.5661,0.0032807,13.973,994.72
183.79,151.39,-6.5688,-0.0053617,13.995,995.11
184.29,148.11,-6.5669,0.0038649,14.016,995.49
184.79,144.82,-6.5671,-4.18E-04,14.037,995.88
185.29,141.54,-6.5654,0.0032732,14.059,996.26
185.79,138.26,-6.5642,0.0025241,14.08,996.65
186.29,134.98,-6.5634,0.0016326,14.101,997.03
186.79,131.7,-6.5626,0.0015993,14.123,997.42
187.29,128.41,-6.5616,0.0018995,14.144,997.8
187.79,125.14,-6.5486,0.025927,14.165,998.19
188.29,121.86,-6.5652,-0.033024,14.187,998.57
188.79,118.58,-6.5488,0.032663,14.208,998.96
189.29,115.3,-6.5619,-0.026176,14.229,999.34
189.79,112.02,-6.5543,0.015198,14.251,999.73
190.29,108.75,-6.5562,-0.0038482,14.272,1000.1
190.79,105.47,-6.5523,0.0078737,14.293,1000.5
191.29,102.19,-6.5545,-0.0044403,14.314,1000.9
191.79,98.916,-6.5505,0.0080746,14.336,1001.3
192.29,95.64,-6.551,-9.54E-04,14.357,1001.6
192.79,92.366,-6.5477,0.0065955,14.378,1002
193.29,89.092,-6.5473,6.47E-04,14.4,1002.4
193.79,85.818,-6.5488,-0.0029043,14.421,1002.8
194.29,82.544,-6.5472,0.0032022,14.442,1003.2
194.79,79.271,-6.5441,0.0062243,14.463,1003.6
195.29,76,-6.5382,0.011735,14.485,1004
195.79,72.729,-6.5465,-0.01668,14.506,1004.3
196.29,69.461,-6.5273,0.038447,14.527,1004.7
196.79,66.191,-6.5503,-0.045877,14.549,1005.1
197.29,62.92,-6.5346,0.03142,14.57,1005.5
197.79,59.652,-6.5381,-0.0070317,14.591,1005.9
198.29,56.383,-6.5368,0.0024821,14.612,1006.3
198.79,53.114,-6.5397,-0.0056803,14.634,1006.6
199.29,49.845,-6.5359,0.0074647,14.655,1007
199.79,46.577,-6.5364,-8.52E-04,14.676,1007.4
200.29,43.309,-6.5354,0.0019694,14.697,1007.8
200.79,40.042,-6.5344,0.0020361,14.718,1008.2
201.29,36.775,-6.5328,0.0032123,14.74,1008.6
201.79,33.511,-6.5225,0.02044,14.761,1008.9
202.29,30.247,-6.5347,-0.024423,14.782,1009.3
202.79,26.981,-6.5287,0.011994,14.803,1009.7
203.29,23.717,-6.5261,0.0052843,14.825,1010.1
203.79,20.454,-6.528,-0.0038104,14.846,1010.5
204.29,17.19,-6.5276,8.80E-04,14.867,1010.9
204.79,13.928,-6.5203,0.014467,14.888,1011.2
205.29,10.666,-6.5284,-0.016075,14.909,1011.6
205.79,7.403,-6.5224,0.011938,14.931,1012
206.29,4.1413,-6.5244,-0.0040299,14.952,1012.4
206.79,0.87993,-6.5211,0.0067265,14.973,1012.8
207.29,-2.3801,-6.5192,0.0036275,14.994,1013.1
